{
    "accuracy": 0.9058448289365179,
    "precision": 0.9048327861967865,
    "recall": 0.9058448289365179,
    "f1_score": 0.9030332211869094,
    "roc_auc": 0.979029430790108,
    "confusion_matrix": [
        [
            412749,
            5933,
            118,
            9303
        ],
        [
            9330,
            86673,
            10,
            444
        ],
        [
            3294,
            1531,
            26684,
            1011
        ],
        [
            24730,
            5435,
            174,
            63772
        ]
    ]
}